No.	Quantity	Comment	Designator	Footprint	Value	Manufacturer Part	Manufacturer	Supplier Part	Supplier
1	2	220uF	C1,C23	CAP-SMD_BD6.3-L6.6-W6.6-LS7.3-FD-H7.7	220uF	JVJ25V220M6x8	JIERR(捷而瑞)	C46550404	LCSC
2	5	1uF	C2,C24,C26,C42,C43	C0603	1uF				
3	6	10uF	C3,C7,C9,C10,C30,C33	C0603	10uF	CL10A106KP8NNNC	SAMSUNG(三星)	C19702	LCSC
4	3	1uF	C4,C22,C32	C0603	1uF	CL10A105KB8NNNC	SAMSUNG(三星)	C15849	LCSC
5	3	100nF	C5,C21,C31	C0603	100nF	CGA0603X7R104K500JT	HRE(芯声)	C6119867	LCSC
6	2	10uF	C6,C39	C0603	10uF	CL10A106KO8NQNC	SAMSUNG(三星)	C962136	LCSC
7	1	470uF	C25	CAP-SMD_BD10.0-L10.3-W10.3-LS11.0	470uF	JVJ35V470M10x10	JIERR(捷而瑞)	C46550413	LCSC
8	1	220pF	C27	C0603	220pF	CC0603JRNPO9BN221	YAGEO(国巨)	C106210	LCSC
9	3	22uF	C28,C56,C57	C0603	22uF	HGC0603R5226M100NTHJ	Chinocera(华瓷)	C7432770	LCSC
10	1	2.2uF	C29	C0603	2.2uF	CL10A225KO8NNNC	SAMSUNG(三星)	C23630	LCSC
11	5	1uF	C34,C35,C36,C37,C38	C0603	1uF	CL10A105KO8NNNC	SAMSUNG(三星)	C1592	LCSC
12	1	4.7uF	C40	C0603	4.7uF				
13	13	100nF	C41,C44,C45,C46,C47,C48,C49,C50,C51,C52,C53,C54,C55	C0603	100nF				
14	1	ST-0337D00-071-1A2H	CN1	AUDIO-TH_ST-0337D00-071-1A2H		ST-0337D00-071-1A2H	G-Switch(品赞)	C2829972	LCSC
15	4	USBLC6-2SC6	D2,D7,D11,D13	SOT-23-6_L2.9-W1.6-P0.95-LS2.8-BL		USBLC6-2SC6	ST(意法半导体)	C7519	LCSC
16	4	RClamp0524PATCT	D10,D14,D15,D16	SLP2510P8_L2.5-W1.0-P0.50-BL		RClamp0524PATCT	SEMTECH	C40960	LCSC
17	1	MF-FSMF050X-2	F1	F0603		MF-FSMF050X-2	BOURNS	C210357	LCSC
18	1	BLM18PG221SN1D	L1	L0603		BLM18PG221SN1D	muRata(村田)	C80165	LCSC
19	1	1.5uH	L2	IND-SMD_L7.0-W6.6	1.5uH	MWSA0603S-1R5MT	Sunlord(顺络)	C408444	LCSC
20	1	ME6211C33M5G-N	LDO1	SOT-23-5_L3.0-W1.7-P0.95-LS2.8-BL		ME6211C33M5G-N	MICRONE(南京微盟)	C82942	LCSC
21	3	ORH-G35A	LED1,LED3,LED5	LED0805-R-RD		ORH-G35A	Orient(奥伦德)	C205442	LCSC
22	3	XL-2012SURC	LED2,LED4,LED6	LED0805-RD_RED		XL-2012SURC	XINGLIGHT(成兴光)	C965812	LCSC
23	2	NCE30P20Q	Q1,Q2	PDFN3333-8_L3.1-W3.2-P0.65-LS3.4-BL		NCE30P20Q	NCE(无锡新洁能)	C502778	LCSC
24	1	AO3401A	Q3	SOT-23_L2.9-W1.3-P1.90-LS2.4-BR		AO3401A	AOS	C15127	LCSC
25	1	0Ω	R1	R0603	0Ω	0603WAF0000T5E	UNI-ROYAL(厚声)	C21189	LCSC
26	4	4.7kΩ	R3,R5,R6,R8	R0603	4.7kΩ	0603WAF4701T5E	UNI-ROYAL(厚声)	C23162	LCSC
27	2	100kΩ	R4,R20	R0603	100kΩ	FRC0603F1003TS	FOJAN(富捷)	C2906980	LCSC
28	1	470Ω	R7	R0603	470Ω	FRC0603J471 TS	FOJAN(富捷)	C2907172	LCSC
29	2	2.2k	R10,R36	R0603	2.2k				
30	2	5.1kΩ	R15,R16	R0603	5.1kΩ	0603WAF5101T5E	UNI-ROYAL(厚声)	C23186	LCSC
31	1	10Ω	R19	R0603	10Ω	0603WAF100JT5E	UNI-ROYAL(厚声)	C22859	LCSC
32	3	NC	R21,R29,R30	R0603	NC				
33	1	100Ω	R22	R0603	100Ω	0603WAF1000T5E	UNI-ROYAL(厚声)	C22775	LCSC
34	6	100kΩ	R24,R27,R28,R31,R32,R34	R0603	100kΩ	0603WAF1003T5E	UNI-ROYAL(厚声)	C25803	LCSC
35	1	13.7k	R26	R0603	13.7k	0603WAF1802T5E	UNI-ROYAL(厚声)		LCSC
36	1	1kΩ	R33	R0603	1kΩ	0603WAF1001T5E	UNI-ROYAL(厚声)	C21190	LCSC
37	1	10kΩ	R35	R0603	10kΩ	FRC0603J103 TS	FOJAN(富捷)	C2930027	LCSC
38	2	33Ω	R38,R39	R0603	33Ω	0603WAF330JT5E	UNI-ROYAL(厚声)	C23140	LCSC
39	1	4.7k	R40	R0603	4.7k				
40	3	1k	R41,R44,R45	R0603	1k				
41	1	1xx	R42	R0603	1xx				
42	1	470	R43	R0603	470				
43	1	TS-1088-AR02016	SW4	SW-SMD_L3.9-W3.0-P4.45		TS-1088-AR02016	XUNPU(讯普)	C720477	LCSC
44	1	EC11E15244G1	SW5	SW-TH_EC11E15244G1		EC11E15244G1	ALPSALPINE(阿尔卑斯阿尔派)	C370970	LCSC
45	1	CH32X035F8U6	U1	WQFN-20_L3.0-W3.0-P0.40-TL-EP1.7		CH32X035F8U6	WCH(南京沁恒)	C42442062	LCSC
46	1	CH334P	U2	QFN-16_L3.0-W3.0-P0.50-BL-EP1.7		CH334P	WCH(南京沁恒)	C5373042	LCSC
47	2	SY6288CAAC	U6,U7	SOT-23-5_L3.0-W1.7-P0.95-LS2.8-BR		SY6288CAAC	Silergy(矽力杰)	C111830	LCSC
48	1	CH227P	U10	TQFN-16_L3.0-W3.0-P0.50-BL-EP1.7		CH227P		C17179553	LCSC
49	2	CH443K	U11,U35	SC70-6_L2.1-W1.3-P0.65-LS2.3-BL		CH443K	WCH(南京沁恒)	C125185	LCSC
50	1	SY8368QNC	U12	QFN-10_L3.0-W3.0-P0.45-TL_SILERGY		SY8368QNC	Silergy(矽力杰)	C125897	LCSC
51	2	150uF	U14,U28	CAP-SMD_L7.3-W4.3-R-RD	150uF	EEFCX0J151XR	PANASONIC(松下)	C542158	LCSC
52	1	ATE700Q	U29	QFN-20_L3.0-W3.0-P0.40-BL-EP1.7		ATE700Q		C9900091727	LCSC
53	1	ZX-SH1.0-6PWT	U30	CONN-SMD_6P-P1.00_MEGASTAR_ZX-SH1.0-6PWT		ZX-SH1.0-6PWT	Megastar(兆星)	C7430448	LCSC
54	4	CPG151101D13	U31,U32,U33,U34	KEY-TH_CPG151101D21X		CPG151101D13	HanElectricity(瀚源)	C49234235	LCSC
55	1	TS3A5017DR	U36	SOIC-16_L9.9-W3.9-P1.27-LS6.0-BL		TS3A5017DR	TI(德州仪器)	C181505	LCSC
56	2	10.0 QHHTZB6.3	USB2,USB3	USB-A-TH_10.0QHHTZB6.3		10.0 QHHTZB6.3	SHOU HAN(首韩)	C668591	LCSC
57	2	TYPE-C 16PIN 2MD(073)	USB6,USB7	USB-C-SMD_TYPE-C-6PIN-2MD-073		TYPE-C 16PIN 2MD(073)	SHOU HAN(首韩)	C2765186	LCSC
58	1	12MHz	X1	CRYSTAL-SMD_4P-L3.2-W2.5-BL	12MHz	X322512MSB4SI	YXC(扬兴晶振)	C9002	LCSC
